filename,file_size,file_attributes,region_count,region_id,region_shape_attributes,region_attributes
images/Set1/29700_0 (3).jpg,-1,"{}",1,0,"{""name"":""rect"",""x"":75,""y"":45,""width"":77,""height"":80}","{""Age"":""25-35"",""Weight"":""normal-healthy"",""Gender"":""female"",""Accessories"":{},""Economy-Class"":""upper class"",""Education"":""Educated"",""CarryingBag"":""Daily/Office/Work Bag"",""BodyPose"":""Back"",""ClothingStyle2"":""Daily"",""ImageQuality"":""Average"",""ClothingStyle"":""Average"",""Demeanour"":""Average"",""Footwear"":""Normal""}"
images/Set1/IMG (3813).jpg,-1,"{}",1,0,"{""name"":""rect"",""x"":71,""y"":12,""width"":43,""height"":39}","{""Age"":""25-35"",""Weight"":""normal-healthy"",""Gender"":""male"",""Economy-Class"":""upper class"",""Education"":""Educated"",""CarryingBag"":""None"",""Accessories"":{""Nothing"":true},""Footwear"":""Normal"",""Demeanour"":""Average"",""ClothingStyle"":""Average"",""ImageQuality"":""Average"",""ClothingStyle2"":""Formal/Business"",""BodyPose"":""Back""}"
images/Set1/IMG (5906).jpg,-1,"{}",1,0,"{""name"":""rect"",""x"":207,""y"":122,""width"":159,""height"":248}","{""Age"":""45-55"",""Weight"":""normal-healthy"",""Gender"":""female"",""Economy-Class"":""upper class"",""Education"":""Highly Educated"",""Accessories"":{},""Footwear"":""CantSee"",""Demeanour"":""Classy-Groomed"",""ClothingStyle"":""Average"",""ImageQuality"":""Good"",""Emotion"":""Neutral"",""ClothingStyle2"":""Daily"",""BodyPose"":""Side""}"
images/Set1/3600_0 (4).jpg,-1,"{}",1,0,"{""name"":""rect"",""x"":66,""y"":1,""width"":52,""height"":50}","{""Age"":""25-35"",""Weight"":""normal-healthy"",""Gender"":""female"",""Economy-Class"":""middle class"",""Education"":""Educated"",""CarryingBag"":""Daily/Office/Work Bag"",""Accessories"":{},""Footwear"":""Normal"",""Demeanour"":""Average"",""ClothingStyle"":""Average"",""ImageQuality"":""Good"",""Emotion"":""Neutral"",""ClothingStyle2"":""Daily"",""BodyPose"":""Front-Frontish""}"
images/Set1/IMG (7322).jpg,-1,"{}",1,0,"{""name"":""rect"",""x"":150,""y"":16,""width"":91,""height"":78}","{""Age"":""45-55"",""Weight"":""slightly-overweight"",""Gender"":""male"",""Economy-Class"":""lower middle class"",""Education"":""Uneducation"",""CarryingBag"":""None"",""Accessories"":{},""Footwear"":""Normal"",""Demeanour"":""Unkept"",""ClothingStyle"":""Average"",""ImageQuality"":""Good"",""ClothingStyle2"":""Formal/Business"",""BodyPose"":""Side""}"
images/Set1/6450_4.jpg,-1,"{}",1,0,"{""name"":""rect"",""x"":144,""y"":3,""width"":98,""height"":126}","{""Age"":""35-45"",""Weight"":""normal-healthy"",""Gender"":""male"",""Economy-Class"":""upper class"",""Education"":""Educated"",""CarryingBag"":""Shopping "",""Accessories"":{},""Footwear"":""Normal"",""Demeanour"":""Classy-Groomed"",""ClothingStyle"":""Average"",""ImageQuality"":""Good"",""Emotion"":""Neutral"",""ClothingStyle2"":""Formal/Business"",""BodyPose"":""Front-Frontish""}"
images/Set1/8820_0 (3).jpg,-1,"{}",1,0,"{""name"":""rect"",""x"":258,""y"":45,""width"":395,""height"":350}","{""Age"":""25-35"",""Weight"":""normal-healthy"",""Gender"":""female"",""Economy-Class"":""middle class"",""Education"":""Educated"",""CarryingBag"":""Daily/Office/Work Bag"",""Accessories"":{},""Footwear"":""CantSee"",""Demeanour"":""Average"",""ClothingStyle"":""Average"",""ImageQuality"":""Good"",""ClothingStyle2"":""Daily"",""BodyPose"":""Back""}"
images/Set1/25590_0 (4).jpg,-1,"{}",1,0,"{""name"":""rect"",""x"":34,""y"":5,""width"":112,""height"":75}","{""Age"":""45-55"",""Weight"":""normal-healthy"",""Gender"":""female"",""Economy-Class"":""lower middle class"",""Education"":""Uneducation"",""CarryingBag"":""Shopping "",""Accessories"":{""Nothing"":true},""Footwear"":""Normal"",""Demeanour"":""Average"",""ClothingStyle"":""Average"",""ImageQuality"":""Average"",""Emotion"":""Neutral"",""ClothingStyle2"":""Daily"",""BodyPose"":""Front-Frontish""}"
images/Set1/29580_3.jpg,-1,"{}",1,0,"{""name"":""rect"",""x"":37,""y"":15,""width"":38,""height"":38}","{""Age"":""15-25"",""Weight"":""underweight"",""Gender"":""male"",""Economy-Class"":""middle class"",""Education"":""Educated"",""CarryingBag"":""None"",""Accessories"":{},""Demeanour"":""Average"",""ClothingStyle"":""Average"",""ImageQuality"":""Good"",""ClothingStyle2"":""Ethnic"",""BodyPose"":""Back""}"
images/Set1/20790_3.jpg,-1,"{}",1,0,"{""name"":""rect"",""x"":47,""y"":2,""width"":50,""height"":56}","{""Age"":""35-45"",""Weight"":""slightly-overweight"",""Gender"":""male"",""Economy-Class"":""middle class"",""Education"":""Uneducation"",""CarryingBag"":""Shopping "",""Accessories"":{},""Footwear"":""Normal"",""Demeanour"":""Average"",""ClothingStyle"":""Average"",""ImageQuality"":""Good"",""Emotion"":""Neutral"",""ClothingStyle2"":""Daily"",""BodyPose"":""Front-Frontish""}"
images/Set1/8670_3.jpg,-1,"{}",1,0,"{""name"":""rect"",""x"":79,""y"":3,""width"":111,""height"":119}","{""Age"":""35-45"",""Weight"":""normal-healthy"",""Gender"":""female"",""Economy-Class"":""upper class"",""Education"":""Educated"",""Accessories"":{},""Footwear"":""CantSee"",""Demeanour"":""Classy-Groomed"",""ClothingStyle"":""Average"",""ImageQuality"":""Good"",""Emotion"":""Angry/Serious"",""ClothingStyle2"":""Ethnic"",""BodyPose"":""Side""}"
images/Set1/9060_0 (4).jpg,-1,"{}",1,0,"{""name"":""rect"",""x"":96,""y"":95,""width"":103,""height"":82}","{""Age"":""25-35"",""Weight"":""underweight"",""Gender"":""male"",""Economy-Class"":""upper class"",""Education"":""Educated"",""CarryingBag"":""None"",""Accessories"":{""Cap"":true},""Footwear"":""CantSee"",""Demeanour"":""Classy-Groomed"",""ClothingStyle"":""Average"",""ImageQuality"":""Good"",""Emotion"":""Neutral"",""ClothingStyle2"":""Ethnic"",""BodyPose"":""Front-Frontish""}"
images/Set1/IMG (3503).jpg,-1,"{}",1,0,"{""name"":""rect"",""x"":30,""y"":21,""width"":56,""height"":56}","{""Age"":""25-35"",""Weight"":""normal-healthy"",""Gender"":""female"",""Economy-Class"":""upper class"",""Education"":""Educated"",""CarryingBag"":""Daily/Office/Work Bag"",""Accessories"":{},""Footwear"":""Normal"",""Demeanour"":""Classy-Groomed"",""ClothingStyle"":""Classy-Fashionable"",""ImageQuality"":""Good"",""Emotion"":""Neutral"",""ClothingStyle2"":""Daily"",""BodyPose"":""Front-Frontish""}"
images/Set1/15600_4.jpg,-1,"{}",1,0,"{""name"":""rect"",""x"":93,""y"":26,""width"":64,""height"":74}","{""Age"":""Under 15"",""Weight"":""slightly-overweight"",""Gender"":""female"",""Economy-Class"":""middle class"",""Education"":""Educated"",""CarryingBag"":""Shopping "",""Accessories"":{},""Footwear"":""Fancy"",""Demeanour"":""Unkept"",""ClothingStyle"":""Below Average"",""ImageQuality"":""Good"",""Emotion"":""Sad"",""ClothingStyle2"":""Daily"",""BodyPose"":""Front-Frontish""}"
images/Set1/24210_1 (4).jpg,-1,"{}",1,0,"{""name"":""rect"",""x"":239,""y"":300,""width"":326,""height"":347}","{""Age"":""25-35"",""Weight"":""normal-healthy"",""Gender"":""female"",""Economy-Class"":""uber upper class"",""Education"":""Highly Educated"",""Accessories"":{""Sunglasses"":true},""Footwear"":""CantSee"",""Demeanour"":""Classy-Groomed"",""ClothingStyle"":""Average"",""ImageQuality"":""Good"",""Emotion"":""Neutral"",""ClothingStyle2"":""Daily"",""BodyPose"":""Side""}"
images/Set1/52350_2.jpg,-1,"{}",1,0,"{""name"":""rect"",""x"":54,""y"":30,""width"":45,""height"":43}","{""Age"":""25-35"",""Weight"":""normal-healthy"",""Gender"":""female"",""Economy-Class"":""upper class"",""Education"":""Educated"",""CarryingBag"":""Daily/Office/Work Bag"",""Accessories"":{},""Footwear"":""Normal"",""Demeanour"":""Classy-Groomed"",""ClothingStyle"":""Average"",""ImageQuality"":""Bad"",""ClothingStyle2"":""Formal/Business"",""BodyPose"":""Side""}"
images/Set1/IMG (6135).jpg,-1,"{}",1,0,"{""name"":""rect"",""x"":146,""y"":62,""width"":116,""height"":105}","{""Accessories"":{}}"
images/Set1/50550_1 (2).jpg,-1,"{}",1,0,"{""name"":""rect"",""x"":20,""y"":13,""width"":34,""height"":33}","{""Age"":""15-25"",""Weight"":""normal-healthy"",""Gender"":""male"",""Economy-Class"":""middle class"",""Education"":""Uneducation"",""CarryingBag"":""None"",""Accessories"":{},""Footwear"":""Normal"",""Demeanour"":""Average"",""ClothingStyle"":""Average"",""ImageQuality"":""Bad"",""ClothingStyle2"":""Formal/Business"",""BodyPose"":""Front-Frontish""}"
images/Set1/390_15.jpg,-1,"{}",1,0,"{""name"":""rect"",""x"":32,""y"":1,""width"":66,""height"":53}","{""Age"":""15-25"",""Weight"":""underweight"",""Gender"":""female"",""Economy-Class"":""upper class"",""Education"":""Educated"",""CarryingBag"":""None"",""Accessories"":{},""Footwear"":""Normal"",""Demeanour"":""Average"",""ClothingStyle"":""Average"",""ImageQuality"":""Average"",""ClothingStyle2"":""Daily"",""BodyPose"":""Back""}"
images/Set1/IMG (5163).jpg,-1,"{}",1,0,"{""name"":""rect"",""x"":72,""y"":18,""width"":39,""height"":40}","{""Age"":""35-45"",""Weight"":""normal-healthy"",""Gender"":""male"",""Economy-Class"":""middle class"",""Education"":""Educated"",""CarryingBag"":""None"",""Accessories"":{},""Footwear"":""CantSee"",""Demeanour"":""Average"",""ClothingStyle"":""Average"",""ImageQuality"":""Average"",""Emotion"":""Happy"",""ClothingStyle2"":""Daily"",""BodyPose"":""Front-Frontish""}"
images/Set1/IMG (3534).jpg,-1,"{}",1,0,"{""name"":""rect"",""x"":85,""y"":33,""width"":83,""height"":87}","{""Age"":""35-45"",""Weight"":""slightly-overweight"",""Gender"":""female"",""Economy-Class"":""middle class"",""Education"":""Educated"",""CarryingBag"":""Daily/Office/Work Bag"",""Accessories"":{""OtherJewellery"":true},""Footwear"":""Normal"",""Demeanour"":""Average"",""ClothingStyle"":""Average"",""ImageQuality"":""Average"",""ClothingStyle2"":""Daily"",""BodyPose"":""Back""}"
images/Set1/IMG (1366).jpg,-1,"{}",1,0,"{""name"":""rect"",""x"":78,""y"":0,""width"":71,""height"":46}","{""Age"":""35-45"",""Weight"":""slightly-overweight"",""Gender"":""male"",""Economy-Class"":""middle class"",""Education"":""Uneducation"",""CarryingBag"":""None"",""Accessories"":{""Watch"":true},""Footwear"":""CantSee"",""Demeanour"":""Average"",""ClothingStyle"":""Average"",""ImageQuality"":""Average"",""Emotion"":""Neutral"",""ClothingStyle2"":""Daily"",""BodyPose"":""Side""}"
images/Set1/2130_3 (2).jpg,-1,"{}",1,0,"{""name"":""rect"",""x"":37,""y"":23,""width"":69,""height"":66}","{""Age"":""15-25"",""Weight"":""over-weight"",""Gender"":""female"",""Economy-Class"":""upper class"",""Education"":""Educated"",""CarryingBag"":""Grocery/Home/Plastic Bag"",""Accessories"":{},""Footwear"":""Normal"",""Demeanour"":""Average"",""ClothingStyle"":""Classy-Fashionable"",""ImageQuality"":""Good"",""ClothingStyle2"":""Daily"",""BodyPose"":""Back""}"
images/Set1/IMG (712).jpg,-1,"{}",1,0,"{""name"":""rect"",""x"":77,""y"":15,""width"":65,""height"":70}","{""Age"":""15-25"",""Weight"":""normal-healthy"",""Gender"":""female"",""Economy-Class"":""middle class"",""Education"":""Educated"",""CarryingBag"":""Daily/Office/Work Bag"",""Accessories"":{""OtherJewellery"":true},""Footwear"":""CantSee"",""Demeanour"":""Average"",""ClothingStyle"":""Average"",""ImageQuality"":""Average"",""Emotion"":""Angry/Serious"",""ClothingStyle2"":""Daily"",""BodyPose"":""Front-Frontish""}"
images/Set1/17370_0 (3).jpg,-1,"{}",1,0,"{""name"":""rect"",""x"":6,""y"":3,""width"":40,""height"":43}","{""Age"":""35-45"",""Weight"":""normal-healthy"",""Gender"":""male"",""Economy-Class"":""middle class"",""Education"":""Uneducation"",""CarryingBag"":""None"",""Accessories"":{""Nothing"":true},""Footwear"":""Normal"",""Demeanour"":""Average"",""ClothingStyle"":""Average"",""ImageQuality"":""Average"",""Emotion"":""Neutral"",""ClothingStyle2"":""Daily"",""BodyPose"":""Side""}"
images/Set1/2190_1 (3).jpg,-1,"{}",1,0,"{""name"":""rect"",""x"":121,""y"":82,""width"":162,""height"":164}","{""Age"":""25-35"",""Weight"":""slightly-overweight"",""Gender"":""female"",""Economy-Class"":""middle class"",""Education"":""Educated"",""CarryingBag"":""Daily/Office/Work Bag"",""Accessories"":{},""Footwear"":""Normal"",""Demeanour"":""Unkept"",""ClothingStyle"":""Average"",""ImageQuality"":""Good"",""ClothingStyle2"":""Sports"",""BodyPose"":""Side""}"
images/Set1/23070_0 (3).jpg,-1,"{}",1,0,"{""name"":""rect"",""x"":78,""y"":7,""width"":59,""height"":75}","{""Age"":""35-45"",""Weight"":""slightly-overweight"",""Gender"":""male"",""Economy-Class"":""middle class"",""Education"":""Educated"",""CarryingBag"":""Daily/Office/Work Bag"",""Accessories"":{""OtherJewellery"":true},""Footwear"":""Normal"",""Demeanour"":""Average"",""ClothingStyle"":""Average"",""ImageQuality"":""Average"",""Emotion"":""Neutral"",""ClothingStyle2"":""Daily"",""BodyPose"":""Front-Frontish""}"
images/Set1/12480_2 (3).jpg,-1,"{}",1,0,"{""name"":""rect"",""x"":101,""y"":102,""width"":81,""height"":77}","{""Age"":""35-45"",""Weight"":""normal-healthy"",""Gender"":""female"",""Economy-Class"":""uber upper class"",""Education"":""Educated"",""CarryingBag"":""Daily/Office/Work Bag"",""Accessories"":{""OtherJewellery"":true},""Footwear"":""CantSee"",""Demeanour"":""Classy-Groomed"",""ClothingStyle"":""Classy-Fashionable"",""ImageQuality"":""Good"",""Emotion"":""Neutral"",""ClothingStyle2"":""Ethnic"",""BodyPose"":""Front-Frontish""}"
images/Set1/7860_0 (3).jpg,-1,"{}",1,0,"{""name"":""rect"",""x"":118,""y"":48,""width"":98,""height"":96}","{""Age"":""35-45"",""Weight"":""normal-healthy"",""Gender"":""male"",""Economy-Class"":""middle class"",""Education"":""Educated"",""CarryingBag"":""Grocery/Home/Plastic Bag"",""Accessories"":{""OtherJewellery"":true},""Footwear"":""CantSee"",""Demeanour"":""Average"",""ClothingStyle"":""Average"",""ImageQuality"":""Good"",""Emotion"":""Sad"",""ClothingStyle2"":""Formal/Business"",""BodyPose"":""Front-Frontish""}"
images/Set1/3510_0.jpg,-1,"{}",1,0,"{""name"":""rect"",""x"":61,""y"":6,""width"":33,""height"":36}","{""Age"":""25-35"",""Weight"":""normal-healthy"",""Gender"":""male"",""Economy-Class"":""middle class"",""Education"":""Educated"",""CarryingBag"":""None"",""Accessories"":{},""Footwear"":""Normal"",""Demeanour"":""Average"",""ClothingStyle"":""Average"",""ImageQuality"":""Good"",""Emotion"":""Neutral"",""ClothingStyle2"":""Formal/Business"",""BodyPose"":""Side""}"
images/Set1/11580_2 (5).jpg,-1,"{}",1,0,"{""name"":""rect"",""x"":261,""y"":17,""width"":114,""height"":138}","{""Age"":""25-35"",""Weight"":""normal-healthy"",""Gender"":""female"",""Economy-Class"":""uber upper class"",""Education"":""Highly Educated"",""CarryingBag"":""Daily/Office/Work Bag"",""Accessories"":{},""Footwear"":""Fancy"",""Demeanour"":""Classy-Groomed"",""ClothingStyle"":""Classy-Fashionable"",""ImageQuality"":""Good"",""ClothingStyle2"":""Formal/Business"",""BodyPose"":""Side""}"
images/Set1/8790_0 (4).jpg,-1,"{}",1,0,"{""name"":""rect"",""x"":87,""y"":18,""width"":48,""height"":60}","{""Age"":""25-35"",""Weight"":""normal-healthy"",""Gender"":""male"",""Economy-Class"":""middle class"",""Education"":""Educated"",""CarryingBag"":""None"",""Accessories"":{""Nothing"":true},""Footwear"":""Normal"",""Demeanour"":""Average"",""ClothingStyle"":""Average"",""ImageQuality"":""Good"",""Emotion"":""Neutral"",""ClothingStyle2"":""Sports"",""BodyPose"":""Front-Frontish""}"
images/Set1/IMG (4554).jpg,-1,"{}",1,0,"{""name"":""rect"",""x"":155,""y"":20,""width"":63,""height"":49}","{""Age"":""25-35"",""Weight"":""normal-healthy"",""Gender"":""male"",""Economy-Class"":""lower middle class"",""Education"":""Uneducation"",""CarryingBag"":""None"",""Accessories"":{},""Footwear"":""Normal"",""Demeanour"":""Average"",""ClothingStyle"":""Average"",""ImageQuality"":""Good"",""Emotion"":""Neutral"",""ClothingStyle2"":""Formal/Business"",""BodyPose"":""Side""}"
images/Set1/IMG (3708).jpg,-1,"{}",1,0,"{""name"":""rect"",""x"":54,""y"":28,""width"":80,""height"":63}","{""Age"":""15-25"",""Weight"":""normal-healthy"",""Gender"":""male"",""Economy-Class"":""lower middle class"",""Education"":""Uneducation"",""CarryingBag"":""None"",""Accessories"":{},""Footwear"":""Normal"",""Demeanour"":""Average"",""ClothingStyle"":""Average"",""ImageQuality"":""Good"",""Emotion"":""Angry/Serious"",""ClothingStyle2"":""Formal/Business"",""BodyPose"":""Front-Frontish""}"
images/Set1/IMG (1843).jpg,-1,"{}",1,0,"{""name"":""rect"",""x"":57,""y"":17,""width"":60,""height"":66}","{""Age"":""25-35"",""Weight"":""normal-healthy"",""Gender"":""male"",""Economy-Class"":""middle class"",""Education"":""Educated"",""CarryingBag"":""None"",""Accessories"":{""Watch"":true},""Footwear"":""Normal"",""Demeanour"":""Average"",""ClothingStyle"":""Average"",""ImageQuality"":""Average"",""ClothingStyle2"":""Formal/Business"",""BodyPose"":""Back""}"
images/Set1/IMG (1661).jpg,-1,"{}",1,0,"{""name"":""rect"",""x"":59,""y"":6,""width"":39,""height"":46}","{""Age"":""25-35"",""Weight"":""normal-healthy"",""Gender"":""male"",""Economy-Class"":""lower middle class"",""Education"":""Uneducation"",""CarryingBag"":""Grocery/Home/Plastic Bag"",""Accessories"":{""Nothing"":true},""Footwear"":""Normal"",""Demeanour"":""Unkept"",""ClothingStyle"":""Average"",""ImageQuality"":""Average"",""Emotion"":""Neutral"",""ClothingStyle2"":""Daily"",""BodyPose"":""Side""}"
images/Set1/IMG (1130).jpg,-1,"{}",1,0,"{""name"":""rect"",""x"":46,""y"":8,""width"":36,""height"":38}","{""Age"":""25-35"",""Weight"":""normal-healthy"",""Gender"":""female"",""Economy-Class"":""middle class"",""Education"":""Highly Educated"",""CarryingBag"":""Daily/Office/Work Bag"",""Accessories"":{},""Footwear"":""Normal"",""Demeanour"":""Classy-Groomed"",""ClothingStyle"":""Average"",""ImageQuality"":""Good"",""ClothingStyle2"":""Formal/Business"",""BodyPose"":""Back""}"
images/Set1/IMG (6972).jpg,-1,"{}",1,0,"{""name"":""rect"",""x"":234,""y"":45,""width"":83,""height"":108}","{""Age"":""25-35"",""Weight"":""normal-healthy"",""Gender"":""male"",""Economy-Class"":""middle class"",""Education"":""Educated"",""CarryingBag"":""None"",""Accessories"":{""OtherJewellery"":true},""Footwear"":""CantSee"",""Demeanour"":""Average"",""ClothingStyle"":""Average"",""ImageQuality"":""Good"",""ClothingStyle2"":""Formal/Business"",""BodyPose"":""Side""}"
images/Set1/8520_2 (5).jpg,-1,"{}",1,0,"{""name"":""rect"",""x"":84,""y"":34,""width"":74,""height"":74}","{""Age"":""45-55"",""Weight"":""slightly-overweight"",""Gender"":""male"",""Economy-Class"":""upper class"",""Education"":""Educated"",""CarryingBag"":""None"",""Accessories"":{""Cap"":true,""Watch"":true},""Footwear"":""Normal"",""Demeanour"":""Average"",""ClothingStyle"":""Average"",""ImageQuality"":""Good"",""Emotion"":""Neutral"",""ClothingStyle2"":""Sports"",""BodyPose"":""Front-Frontish""}"
images/Set1/2970_2.jpg,-1,"{}",1,0,"{""name"":""rect"",""x"":97,""y"":68,""width"":69,""height"":84}","{""Age"":""25-35"",""Weight"":""normal-healthy"",""Gender"":""female"",""Economy-Class"":""middle class"",""Education"":""Educated"",""CarryingBag"":""Daily/Office/Work Bag"",""Accessories"":{},""Footwear"":""Normal"",""Demeanour"":""Average"",""ClothingStyle"":""Average"",""ImageQuality"":""Average"",""Emotion"":""Sad"",""ClothingStyle2"":""Daily"",""BodyPose"":""Front-Frontish""}"
images/Set1/32520_0 (3).jpg,-1,"{}",1,0,"{""name"":""rect"",""x"":176,""y"":41,""width"":95,""height"":99}","{""Age"":""25-35"",""Weight"":""normal-healthy"",""Gender"":""female"",""Economy-Class"":""middle class"",""Education"":""Educated"",""CarryingBag"":""Daily/Office/Work Bag"",""Accessories"":{},""Footwear"":""Normal"",""Demeanour"":""Average"",""ClothingStyle"":""Average"",""ImageQuality"":""Average"",""Emotion"":""Neutral"",""ClothingStyle2"":""Daily"",""BodyPose"":""Front-Frontish""}"
images/Set1/IMG (5702).jpg,-1,"{}",1,0,"{""name"":""rect"",""x"":203,""y"":21,""width"":174,""height"":170}","{""Age"":""15-25"",""Weight"":""underweight"",""Gender"":""male"",""Economy-Class"":""lower middle class"",""Education"":""Uneducation"",""CarryingBag"":""None"",""Accessories"":{},""Footwear"":""CantSee"",""Demeanour"":""Average"",""ClothingStyle"":""Average"",""ImageQuality"":""Good"",""Emotion"":""Angry/Serious"",""ClothingStyle2"":""Daily"",""BodyPose"":""Front-Frontish""}"
images/Set1/22800_0 (4).jpg,-1,"{}",1,0,"{""name"":""rect"",""x"":70,""y"":29,""width"":76,""height"":54}","{""Age"":""25-35"",""Weight"":""slightly-overweight"",""Gender"":""male"",""Economy-Class"":""middle class"",""Education"":""Educated"",""CarryingBag"":""None"",""Accessories"":{""Cap"":true,""Watch"":true,""OtherJewellery"":true},""Footwear"":""Normal"",""Demeanour"":""Average"",""ClothingStyle"":""Average"",""ImageQuality"":""Good"",""Emotion"":""Neutral"",""ClothingStyle2"":""Daily"",""BodyPose"":""Back""}"
images/Set1/30_3 (4).jpg,-1,"{}",1,0,"{""name"":""rect"",""x"":23,""y"":61,""width"":127,""height"":122}","{""Age"":""25-35"",""Weight"":""normal-healthy"",""Gender"":""female"",""Economy-Class"":""uber upper class"",""Education"":""Educated"",""CarryingBag"":""Daily/Office/Work Bag"",""Accessories"":{""Earings"":true,""OtherJewellery"":true},""Footwear"":""CantSee"",""Demeanour"":""Classy-Groomed"",""ClothingStyle"":""Classy-Fashionable"",""ImageQuality"":""Good"",""Emotion"":""Neutral"",""ClothingStyle2"":""Formal/Business"",""BodyPose"":""Side""}"
images/Set1/22230_0 (4).jpg,-1,"{}",1,0,"{""name"":""rect"",""x"":158,""y"":68,""width"":134,""height"":127}","{""Age"":""45-55"",""Weight"":""normal-healthy"",""Gender"":""female"",""Economy-Class"":""middle class"",""Education"":""Educated"",""CarryingBag"":""None"",""Accessories"":{},""Footwear"":""CantSee"",""Demeanour"":""Average"",""ClothingStyle"":""Average"",""ImageQuality"":""Average"",""Emotion"":""Neutral"",""ClothingStyle2"":""Daily"",""BodyPose"":""Side""}"
images/Set1/IMG (2026).jpg,-1,"{}",1,0,"{""name"":""rect"",""x"":47,""y"":8,""width"":37,""height"":39}","{""Age"":""25-35"",""Weight"":""over-weight"",""Gender"":""female"",""Economy-Class"":""uber upper class"",""Education"":""Educated"",""CarryingBag"":""None"",""Accessories"":{},""Footwear"":""Normal"",""Demeanour"":""Average"",""ClothingStyle"":""Classy-Fashionable"",""ImageQuality"":""Good"",""Emotion"":""Neutral"",""ClothingStyle2"":""Daily"",""BodyPose"":""Front-Frontish""}"
images/Set1/72600_1 (2).jpg,-1,"{}",1,0,"{""name"":""rect"",""x"":58,""y"":26,""width"":37,""height"":54}","{""Age"":""35-45"",""Weight"":""normal-healthy"",""Gender"":""female"",""Economy-Class"":""middle class"",""Education"":""Educated"",""CarryingBag"":""None"",""Accessories"":{""Earings"":true,""OtherJewellery"":true},""Footwear"":""Normal"",""Demeanour"":""Average"",""ClothingStyle"":""Average"",""ImageQuality"":""Good"",""Emotion"":""Neutral"",""ClothingStyle2"":""Ethnic"",""BodyPose"":""Side""}"
images/Set1/25800_0.jpg,-1,"{}",1,0,"{""name"":""rect"",""x"":55,""y"":22,""width"":32,""height"":44}","{""Age"":""25-35"",""Weight"":""underweight"",""Gender"":""female"",""Economy-Class"":""lower middle class"",""Education"":""Uneducation"",""CarryingBag"":""None"",""Accessories"":{""OtherJewellery"":true},""Footwear"":""Normal"",""Demeanour"":""Average"",""ClothingStyle"":""Average"",""ImageQuality"":""Average"",""Emotion"":""Neutral"",""ClothingStyle2"":""Daily"",""BodyPose"":""Front-Frontish""}"
images/Set1/6750_1.jpg,-1,"{}",1,0,"{""name"":""rect"",""x"":204,""y"":5,""width"":108,""height"":175}","{""Age"":""25-35"",""Weight"":""slightly-overweight"",""Gender"":""female"",""Economy-Class"":""upper class"",""Education"":""Educated"",""CarryingBag"":""None"",""Accessories"":{""Earings"":true},""Footwear"":""CantSee"",""Demeanour"":""Classy-Groomed"",""ClothingStyle"":""Average"",""ImageQuality"":""Good"",""Emotion"":""Neutral"",""ClothingStyle2"":""Ethnic"",""BodyPose"":""Side""}"
images/Set1/20190_0 (4).jpg,-1,"{}",1,0,"{""name"":""rect"",""x"":101,""y"":34,""width"":115,""height"":131}","{""Age"":""15-25"",""Weight"":""normal-healthy"",""Gender"":""female"",""Economy-Class"":""upper class"",""Education"":""Educated"",""CarryingBag"":""None"",""Accessories"":{""OtherJewellery"":true,""Earings"":true},""Footwear"":""Normal"",""Demeanour"":""Classy-Groomed"",""ClothingStyle"":""Classy-Fashionable"",""ImageQuality"":""Good"",""Emotion"":""Neutral"",""ClothingStyle2"":""Daily"",""BodyPose"":""Front-Frontish""}"
images/Set1/3510_1 (8).jpg,-1,"{}",1,0,"{""name"":""rect"",""x"":108,""y"":83,""width"":153,""height"":174}","{""Age"":""15-25"",""Weight"":""normal-healthy"",""Gender"":""male"",""Economy-Class"":""upper class"",""Education"":""Educated"",""CarryingBag"":""None"",""Accessories"":{""Nothing"":true},""Footwear"":""CantSee"",""Demeanour"":""Classy-Groomed"",""ClothingStyle"":""Classy-Fashionable"",""ImageQuality"":""Good"",""Emotion"":""Neutral"",""ClothingStyle2"":""Formal/Business"",""BodyPose"":""Side""}"
images/Set1/21420_1 (2).jpg,-1,"{}",1,0,"{""name"":""rect"",""x"":45,""y"":3,""width"":49,""height"":55}","{""Age"":""25-35"",""Weight"":""normal-healthy"",""Gender"":""female"",""Economy-Class"":""middle class"",""Education"":""Educated"",""CarryingBag"":""Shopping "",""Accessories"":{},""Footwear"":""Normal"",""Demeanour"":""Average"",""ClothingStyle"":""Average"",""ImageQuality"":""Average"",""Emotion"":""Neutral"",""ClothingStyle2"":""Formal/Business"",""BodyPose"":""Front-Frontish""}"
images/Set1/IMG (2254).jpg,-1,"{}",1,0,"{""name"":""rect"",""x"":47,""y"":2,""width"":51,""height"":46}","{""Age"":""25-35"",""Weight"":""normal-healthy"",""Gender"":""male"",""Economy-Class"":""lower middle class"",""Education"":""Uneducation"",""CarryingBag"":""None"",""Accessories"":{""Nothing"":true},""Footwear"":""Normal"",""Demeanour"":""Average"",""ClothingStyle"":""Average"",""ImageQuality"":""Average"",""ClothingStyle2"":""Daily"",""BodyPose"":""Back""}"
images/Set1/8070_0 (2).jpg,-1,"{}",1,0,"{""name"":""rect"",""x"":50,""y"":12,""width"":41,""height"":48}","{""Age"":""25-35"",""Weight"":""normal-healthy"",""Gender"":""male"",""Economy-Class"":""middle class"",""Education"":""Uneducation"",""CarryingBag"":""None"",""Accessories"":{""OtherJewellery"":true},""Footwear"":""Normal"",""Demeanour"":""Average"",""ClothingStyle"":""Average"",""ImageQuality"":""Good"",""Emotion"":""Neutral"",""ClothingStyle2"":""Formal/Business"",""BodyPose"":""Front-Frontish""}"
images/Set1/IMG (5178).jpg,-1,"{}",1,0,"{""name"":""rect"",""x"":70,""y"":10,""width"":64,""height"":73}","{""Age"":""45-55"",""Weight"":""underweight"",""Gender"":""male"",""Economy-Class"":""lower middle class"",""Education"":""Uneducation"",""CarryingBag"":""Grocery/Home/Plastic Bag"",""Accessories"":{""Nothing"":true},""Footwear"":""CantSee"",""Demeanour"":""Unkept"",""ClothingStyle"":""Below Average"",""ImageQuality"":""Good"",""Emotion"":""Happy"",""ClothingStyle2"":""Daily"",""BodyPose"":""Side""}"
images/Set1/10560_0 (6).jpg,-1,"{}",1,0,"{""name"":""rect"",""x"":27,""y"":16,""width"":49,""height"":46}","{""Age"":""45-55"",""Weight"":""normal-healthy"",""Gender"":""female"",""Economy-Class"":""lower middle class"",""Education"":""Educated"",""CarryingBag"":""Grocery/Home/Plastic Bag"",""Accessories"":{""Nothing"":true},""Footwear"":""Normal"",""Demeanour"":""Average"",""ClothingStyle"":""Average"",""ImageQuality"":""Bad"",""Emotion"":""Angry/Serious"",""ClothingStyle2"":""Daily"",""BodyPose"":""Front-Frontish""}"
images/Set1/IMG (2099).jpg,-1,"{}",1,0,"{""name"":""rect"",""x"":45,""y"":2,""width"":36,""height"":29}","{""Age"":""15-25"",""Weight"":""normal-healthy"",""Gender"":""male"",""Economy-Class"":""middle class"",""Education"":""Educated"",""CarryingBag"":""Daily/Office/Work Bag"",""Accessories"":{},""Footwear"":""Normal"",""Demeanour"":""Average"",""ClothingStyle"":""Average"",""ImageQuality"":""Good"",""Emotion"":""Neutral"",""ClothingStyle2"":""Formal/Business"",""BodyPose"":""Side""}"
images/Set1/1110_0 (6).jpg,-1,"{}",1,0,"{""name"":""rect"",""x"":56,""y"":43,""width"":28,""height"":43}","{""Age"":""25-35"",""Weight"":""normal-healthy"",""Gender"":""female"",""Economy-Class"":""middle class"",""Education"":""Educated"",""CarryingBag"":""Daily/Office/Work Bag"",""Accessories"":{},""Footwear"":""Normal"",""Demeanour"":""Classy-Groomed"",""ClothingStyle"":""Average"",""ImageQuality"":""Good"",""Emotion"":undefined,""ClothingStyle2"":""Daily"",""BodyPose"":""Back""}"
images/Set1/25050_4 (2).jpg,-1,"{}",1,0,"{""name"":""rect"",""x"":137,""y"":22,""width"":71,""height"":71}","{""Age"":""35-45"",""Weight"":""over-weight"",""Gender"":""female"",""Economy-Class"":""middle class"",""Education"":""Educated"",""CarryingBag"":""Daily/Office/Work Bag"",""Accessories"":{""Earings"":true},""Footwear"":""Normal"",""Demeanour"":""Average"",""ClothingStyle"":""Average"",""ImageQuality"":""Good"",""Emotion"":undefined,""ClothingStyle2"":""Sports"",""BodyPose"":""Side""}"
images/Set1/9150_6.jpg,-1,"{}",1,0,"{""name"":""rect"",""x"":33,""y"":2,""width"":39,""height"":40}","{""Age"":""35-45"",""Weight"":""normal-healthy"",""Gender"":""male"",""Economy-Class"":""middle class"",""Education"":""Educated"",""CarryingBag"":""Daily/Office/Work Bag"",""Accessories"":{""Watch"":true},""Footwear"":""CantSee"",""Demeanour"":""Average"",""ClothingStyle"":""Average"",""ImageQuality"":""Good"",""Emotion"":""Neutral"",""ClothingStyle2"":""Formal/Business"",""BodyPose"":""Front-Frontish""}"
images/Set1/206100_1.jpg,-1,"{}",1,0,"{""name"":""rect"",""x"":79,""y"":27,""width"":34,""height"":35}","{""Age"":""25-35"",""Weight"":""normal-healthy"",""Gender"":""male"",""Economy-Class"":""middle class"",""Education"":""Educated"",""CarryingBag"":""None"",""Accessories"":{},""Footwear"":""Normal"",""Demeanour"":""Average"",""ClothingStyle"":""Average"",""ImageQuality"":""Good"",""Emotion"":""Neutral"",""ClothingStyle2"":""Formal/Business"",""BodyPose"":""Side""}"
images/Set1/2340_0 (8).jpg,-1,"{}",1,0,"{""name"":""rect"",""x"":79,""y"":43,""width"":241,""height"":329}","{""Age"":""25-35"",""Weight"":""normal-healthy"",""Gender"":""female"",""Economy-Class"":""upper class"",""Education"":""Educated"",""CarryingBag"":""None"",""Accessories"":{""Nothing"":true},""Footwear"":""CantSee"",""Demeanour"":""Classy-Groomed"",""ClothingStyle"":""Average"",""ImageQuality"":""Good"",""Emotion"":""Neutral"",""ClothingStyle2"":""Daily"",""BodyPose"":""Front-Frontish""}"
images/Set1/7410_1 (7).jpg,-1,"{}",1,0,"{""name"":""rect"",""x"":103,""y"":54,""width"":67,""height"":71}","{""Age"":""25-35"",""Weight"":""normal-healthy"",""Gender"":""male"",""Economy-Class"":""middle class"",""Education"":""Educated"",""CarryingBag"":""None"",""Accessories"":{},""Footwear"":""Normal"",""Demeanour"":""Average"",""ClothingStyle"":""Average"",""ImageQuality"":""Good"",""Emotion"":undefined,""ClothingStyle2"":""Formal/Business"",""BodyPose"":""Back""}"
images/Set1/IMG (1118).jpg,-1,"{}",1,0,"{""name"":""rect"",""x"":78,""y"":19,""width"":28,""height"":44}","{""Age"":""25-35"",""Weight"":""underweight"",""Gender"":""male"",""Economy-Class"":""lower middle class"",""Education"":""Uneducation"",""CarryingBag"":""None"",""Accessories"":{""Nothing"":true},""Footwear"":""Normal"",""Demeanour"":""Average"",""ClothingStyle"":""Average"",""ImageQuality"":""Good"",""Emotion"":""Neutral"",""ClothingStyle2"":""Daily"",""BodyPose"":""Side""}"
images/Set1/IMG (5449).jpg,-1,"{}",1,0,"{""name"":""rect"",""x"":77,""y"":2,""width"":44,""height"":37}","{""Age"":""25-35"",""Weight"":""normal-healthy"",""Gender"":""male"",""Economy-Class"":""middle class"",""Education"":""Educated"",""CarryingBag"":""None"",""Accessories"":{},""Footwear"":""CantSee"",""Demeanour"":""Average"",""ClothingStyle"":""Average"",""ImageQuality"":""Good"",""Emotion"":""Neutral"",""ClothingStyle2"":""Daily"",""BodyPose"":""Front-Frontish""}"
images/Set1/10200_1 (2).jpg,-1,"{}",1,0,"{""name"":""rect"",""x"":30,""y"":34,""width"":44,""height"":37}","{""Age"":""25-35"",""Weight"":""normal-healthy"",""Gender"":""male"",""Economy-Class"":""upper class"",""Education"":""Educated"",""CarryingBag"":""None"",""Accessories"":{},""Footwear"":""Normal"",""Demeanour"":""Average"",""ClothingStyle"":""Average"",""ImageQuality"":""Good"",""Emotion"":""Neutral"",""ClothingStyle2"":""Formal/Business"",""BodyPose"":""Front-Frontish""}"
images/Set1/IMG (4921).jpg,-1,"{}",1,0,"{""name"":""rect"",""x"":58,""y"":9,""width"":61,""height"":64}","{""Age"":""35-45"",""Weight"":""normal-healthy"",""Gender"":""male"",""Economy-Class"":""lower middle class"",""Education"":""Educated"",""CarryingBag"":""None"",""Accessories"":{},""Footwear"":""Normal"",""Demeanour"":""Average"",""ClothingStyle"":""Average"",""ImageQuality"":""Bad"",""Emotion"":undefined,""ClothingStyle2"":""Formal/Business"",""BodyPose"":""Side""}"
images/Set1/13230_2 (4).jpg,-1,"{}",1,0,"{""name"":""rect"",""x"":69,""y"":9,""width"":106,""height"":98}","{""Age"":""25-35"",""Weight"":""normal-healthy"",""Gender"":""female"",""Economy-Class"":""upper class"",""Education"":""Educated"",""CarryingBag"":""Daily/Office/Work Bag"",""Accessories"":{},""Footwear"":""Normal"",""Demeanour"":""Classy-Groomed"",""ClothingStyle"":""Classy-Fashionable"",""ImageQuality"":""Good"",""Emotion"":""Neutral"",""ClothingStyle2"":""Daily"",""BodyPose"":""Side""}"
images/Set1/2850_3.jpg,-1,"{}",1,0,"{""name"":""rect"",""x"":34,""y"":14,""width"":36,""height"":33}","{""Age"":""15-25"",""Weight"":""normal-healthy"",""Gender"":""female"",""Economy-Class"":""upper class"",""Education"":""Educated"",""CarryingBag"":undefined,""Accessories"":{""OtherJewellery"":true},""Footwear"":""Normal"",""Demeanour"":""Classy-Groomed"",""ClothingStyle"":""Average"",""ImageQuality"":""Average"",""Emotion"":""Neutral"",""ClothingStyle2"":""Formal/Business"",""BodyPose"":""Front-Frontish""}"
images/Set1/IMG (5315).jpg,-1,"{}",1,0,"{""name"":""rect"",""x"":90,""y"":25,""width"":44,""height"":59}","{""Age"":""35-45"",""Weight"":""normal-healthy"",""Gender"":""male"",""Economy-Class"":""lower middle class"",""Education"":""Uneducation"",""CarryingBag"":""None"",""Accessories"":{},""Footwear"":""CantSee"",""Demeanour"":""Average"",""ClothingStyle"":""Average"",""ImageQuality"":""Good"",""Emotion"":""Neutral"",""ClothingStyle2"":""Formal/Business"",""BodyPose"":""Side""}"
images/Set1/IMG (1235).jpg,-1,"{}",1,0,"{""name"":""rect"",""x"":36,""y"":6,""width"":57,""height"":56}","{""Age"":""25-35"",""Weight"":""normal-healthy"",""Gender"":""male"",""Economy-Class"":""middle class"",""Education"":""Educated"",""CarryingBag"":""None"",""Accessories"":{""Watch"":true},""Footwear"":""CantSee"",""Demeanour"":""Average"",""ClothingStyle"":""Average"",""ImageQuality"":""Good"",""Emotion"":""Neutral"",""ClothingStyle2"":""Formal/Business"",""BodyPose"":""Back""}"
images/Set1/8610_4.jpg,-1,"{}",1,0,"{""name"":""rect"",""x"":123,""y"":13,""width"":94,""height"":105}","{""Age"":""25-35"",""Weight"":""normal-healthy"",""Gender"":""female"",""Economy-Class"":""middle class"",""Education"":""Educated"",""CarryingBag"":""Daily/Office/Work Bag"",""Accessories"":{""Watch"":true},""Footwear"":""Normal"",""Demeanour"":""Average"",""ClothingStyle"":""Average"",""ImageQuality"":""Good"",""Emotion"":""Neutral"",""ClothingStyle2"":""Daily"",""BodyPose"":""Front-Frontish""}"
images/Set1/IMG (7939).jpg,-1,"{}",1,0,"{""name"":""rect"",""x"":100,""y"":0,""width"":84,""height"":72}","{""Age"":""25-35"",""Weight"":""normal-healthy"",""Gender"":""female"",""Economy-Class"":""upper class"",""Education"":""Educated"",""CarryingBag"":""Shopping "",""Accessories"":{""Earings"":true,""Watch"":true,""OtherJewellery"":true},""Footwear"":""CantSee"",""Demeanour"":""Average"",""ClothingStyle"":""Average"",""ImageQuality"":""Good"",""Emotion"":""Neutral"",""ClothingStyle2"":""Daily"",""BodyPose"":""Front-Frontish""}"
images/Set1/3480_0 (5).jpg,-1,"{}",1,0,"{""name"":""rect"",""x"":36,""y"":42,""width"":56,""height"":35}","{""Age"":""25-35"",""Weight"":""normal-healthy"",""Gender"":undefined,""Economy-Class"":""middle class"",""Education"":""Educated"",""CarryingBag"":""None"",""Accessories"":{""Nothing"":true},""Footwear"":""Normal"",""Demeanour"":""Average"",""ClothingStyle"":""Average"",""ImageQuality"":""Average"",""Emotion"":""Sad"",""ClothingStyle2"":""Daily"",""BodyPose"":""Front-Frontish""}"
images/Set1/IMG (4351).jpg,-1,"{}",1,0,"{""name"":""rect"",""x"":72,""y"":26,""width"":152,""height"":83}","{""Age"":""35-45"",""Weight"":""normal-healthy"",""Gender"":""female"",""Economy-Class"":""upper class"",""Education"":""Educated"",""CarryingBag"":""None"",""Accessories"":{""Nothing"":true},""Footwear"":""CantSee"",""Demeanour"":""Average"",""ClothingStyle"":""Average"",""ImageQuality"":""Good"",""Emotion"":""Neutral"",""ClothingStyle2"":""Ethnic"",""BodyPose"":""Side""}"
images/Set1/13140_0 (4).jpg,-1,"{}",1,0,"{""name"":""rect"",""x"":78,""y"":25,""width"":65,""height"":71}","{""Age"":""25-35"",""Weight"":""normal-healthy"",""Gender"":""female"",""Economy-Class"":""upper class"",""Education"":""Educated"",""CarryingBag"":""Daily/Office/Work Bag"",""Accessories"":{""Watch"":true},""Footwear"":""Normal"",""Demeanour"":""Average"",""ClothingStyle"":""Average"",""ImageQuality"":""Bad"",""Emotion"":""Angry/Serious"",""ClothingStyle2"":""Daily"",""BodyPose"":""Front-Frontish""}"
images/Set1/4710_1.jpg,-1,"{}",1,0,"{""name"":""rect"",""x"":205,""y"":6,""width"":203,""height"":179}","{""Age"":""25-35"",""Weight"":""normal-healthy"",""Gender"":""male"",""Economy-Class"":""middle class"",""Education"":""Educated"",""CarryingBag"":""None"",""Accessories"":{""Nothing"":true},""Footwear"":""CantSee"",""Demeanour"":""Average"",""ClothingStyle"":""Average"",""ImageQuality"":""Good"",""Emotion"":undefined,""ClothingStyle2"":""Formal/Business"",""BodyPose"":""Back""}"
images/Set1/42420_0 (2).jpg,-1,"{}",1,0,"{""name"":""rect"",""x"":96,""y"":24,""width"":75,""height"":82}","{""Age"":""25-35"",""Weight"":""normal-healthy"",""Gender"":""male"",""Economy-Class"":""middle class"",""Education"":""Educated"",""CarryingBag"":""None"",""Accessories"":{""Watch"":true},""Footwear"":""Normal"",""Demeanour"":""Average"",""ClothingStyle"":""Average"",""ImageQuality"":""Bad"",""Emotion"":""Neutral"",""ClothingStyle2"":""Daily"",""BodyPose"":""Front-Frontish""}"
images/Set2/7680_3.jpg,-1,"{}",1,0,"{""name"":""rect"",""x"":92,""y"":5,""width"":98,""height"":65}","{""Age"":""45-55"",""Weight"":""slightly-overweight"",""Gender"":""female"",""Economy-Class"":""upper class"",""Education"":""Educated"",""CarryingBag"":""None"",""Accessories"":{""Nothing"":true},""Footwear"":""CantSee"",""Demeanour"":""Average"",""ClothingStyle"":""Average"",""ImageQuality"":""Average"",""Emotion"":undefined,""ClothingStyle2"":""Daily"",""BodyPose"":""Side""}"
images/Set2/26790_1.jpg,-1,"{}",1,0,"{""name"":""rect"",""x"":182,""y"":50,""width"":139,""height"":151}","{""Age"":""45-55"",""Weight"":""over-weight"",""Gender"":""male"",""Economy-Class"":""middle class"",""Education"":""Educated"",""CarryingBag"":""None"",""Accessories"":{""OtherJewellery"":true},""Footwear"":""CantSee"",""Demeanour"":""Average"",""ClothingStyle"":""Average"",""ImageQuality"":""Average"",""Emotion"":""Neutral"",""ClothingStyle2"":""Formal/Business"",""BodyPose"":""Front-Frontish""}"
images/Set2/3210_0.jpg,-1,"{}",1,0,"{""name"":""rect"",""x"":417,""y"":38,""width"":154,""height"":184}","{""Age"":""15-25"",""Weight"":""normal-healthy"",""Gender"":""female"",""Economy-Class"":""upper class"",""Education"":""Educated"",""CarryingBag"":""Daily/Office/Work Bag"",""Accessories"":{""Nothing"":true},""Footwear"":""Normal"",""Demeanour"":""Average"",""ClothingStyle"":""Average"",""ImageQuality"":""Good"",""Emotion"":""Neutral"",""ClothingStyle2"":""Daily"",""BodyPose"":""Side""}"
images/Set2/6780_8.jpg,-1,"{}",1,0,"{""name"":""rect"",""x"":82,""y"":64,""width"":109,""height"":92}","{""Age"":""35-45"",""Weight"":""slightly-overweight"",""Gender"":""male"",""Economy-Class"":""middle class"",""Education"":""Educated"",""CarryingBag"":""Daily/Office/Work Bag"",""Accessories"":{""Watch"":true,""Cap"":true},""Footwear"":""Normal"",""Demeanour"":""Classy-Groomed"",""ClothingStyle"":""Average"",""ImageQuality"":""Good"",""Emotion"":""Angry/Serious"",""ClothingStyle2"":""Daily"",""BodyPose"":""Front-Frontish""}"
images/Set2/12090_1 (3).jpg,-1,"{}",1,0,"{""name"":""rect"",""x"":80,""y"":69,""width"":75,""height"":66}","{""Age"":""25-35"",""Weight"":""normal-healthy"",""Gender"":""female"",""Economy-Class"":""upper class"",""Education"":""Educated"",""CarryingBag"":""Daily/Office/Work Bag"",""Accessories"":{},""Footwear"":""CantSee"",""Demeanour"":""Classy-Groomed"",""ClothingStyle"":""Classy-Fashionable"",""ImageQuality"":""Good"",""Emotion"":undefined,""ClothingStyle2"":""Daily"",""BodyPose"":""Back""}"
images/Set2/270_5 (2).jpg,-1,"{}",1,0,"{""name"":""rect"",""x"":148,""y"":10,""width"":181,""height"":118}","{""Age"":""25-35"",""Weight"":""normal-healthy"",""Gender"":""female"",""Economy-Class"":""upper class"",""Education"":""Educated"",""CarryingBag"":""Daily/Office/Work Bag"",""Accessories"":{""OtherJewellery"":true},""Footwear"":""CantSee"",""Demeanour"":""Classy-Groomed"",""ClothingStyle"":""Classy-Fashionable"",""ImageQuality"":""Average"",""Emotion"":""Angry/Serious"",""ClothingStyle2"":""Formal/Business"",""BodyPose"":""Front-Frontish""}"
images/Set2/16620_1.jpg,-1,"{}",1,0,"{""name"":""rect"",""x"":478,""y"":107,""width"":201,""height"":191}","{""Age"":""15-25"",""Weight"":""normal-healthy"",""Gender"":""female"",""Economy-Class"":""upper class"",""Education"":""Educated"",""CarryingBag"":""Daily/Office/Work Bag"",""Accessories"":{},""Footwear"":""CantSee"",""Demeanour"":""Classy-Groomed"",""ClothingStyle"":""Average"",""ImageQuality"":""Good"",""Emotion"":""Angry/Serious"",""ClothingStyle2"":""Daily"",""BodyPose"":""Side""}"
images/Set2/45540_4.jpg,-1,"{}",1,0,"{""name"":""rect"",""x"":95,""y"":30,""width"":78,""height"":80}","{""Age"":""45-55"",""Weight"":""slightly-overweight"",""Gender"":""male"",""Economy-Class"":""upper class"",""Education"":""Educated"",""CarryingBag"":""None"",""Accessories"":{""Sunglasses"":true},""Footwear"":""Normal"",""Demeanour"":""Classy-Groomed"",""ClothingStyle"":""Average"",""ImageQuality"":""Average"",""Emotion"":""Neutral"",""ClothingStyle2"":""Formal/Business"",""BodyPose"":""Front-Frontish""}"
images/Set2/46950_0.jpg,-1,"{}",1,0,"{""name"":""rect"",""x"":214,""y"":29,""width"":209,""height"":238}","{""Age"":""25-35"",""Weight"":""normal-healthy"",""Gender"":""female"",""Economy-Class"":""upper class"",""Education"":""Educated"",""CarryingBag"":""None"",""Accessories"":{""Watch"":true,""OtherJewellery"":true,""Sunglasses"":true},""Footwear"":""Normal"",""Demeanour"":""Classy-Groomed"",""ClothingStyle"":""Classy-Fashionable"",""ImageQuality"":""Good"",""Emotion"":""Neutral"",""ClothingStyle2"":""Daily"",""BodyPose"":""Front-Frontish""}"
images/Set2/630_2.jpg,-1,"{}",1,0,"{""name"":""rect"",""x"":84,""y"":6,""width"":54,""height"":70}","{""Age"":""25-35"",""Weight"":""normal-healthy"",""Gender"":""male"",""Economy-Class"":""upper class"",""Education"":""Educated"",""CarryingBag"":""None"",""Accessories"":{""Sunglasses"":true},""Footwear"":""Normal"",""Demeanour"":""Average"",""ClothingStyle"":""Average"",""ImageQuality"":""Average"",""Emotion"":""Neutral"",""ClothingStyle2"":""Daily"",""BodyPose"":""Front-Frontish""}"
images/Set2/240_0 (5).jpg,-1,"{}",1,0,"{""name"":""rect"",""x"":151,""y"":62,""width"":156,""height"":173}","{""Age"":""25-35"",""Weight"":""normal-healthy"",""Gender"":""female"",""Economy-Class"":""upper class"",""Education"":""Educated"",""CarryingBag"":""Daily/Office/Work Bag"",""Accessories"":{""OtherJewellery"":true},""Footwear"":""Normal"",""Demeanour"":""Classy-Groomed"",""ClothingStyle"":""Classy-Fashionable"",""ImageQuality"":""Good"",""Emotion"":""Happy"",""ClothingStyle2"":""Daily"",""BodyPose"":""Front-Frontish""}"
images/Set2/16500_1.jpg,-1,"{}",1,0,"{""name"":""rect"",""x"":246,""y"":6,""width"":172,""height"":114}","{""Age"":""25-35"",""Weight"":""normal-healthy"",""Gender"":""female"",""Economy-Class"":""upper class"",""Education"":""Educated"",""CarryingBag"":""Daily/Office/Work Bag"",""Accessories"":{""Nothing"":true},""Footwear"":""Normal"",""Demeanour"":""Average"",""ClothingStyle"":""Average"",""ImageQuality"":""Good"",""Emotion"":""Neutral"",""ClothingStyle2"":""Daily"",""BodyPose"":""Back""}"
images/Set2/330_3 (3).jpg,-1,"{}",1,0,"{""name"":""rect"",""x"":0,""y"":101,""width"":183,""height"":244}","{""Age"":""25-35"",""Weight"":""normal-healthy"",""Gender"":""female"",""Economy-Class"":""upper class"",""Education"":""Educated"",""CarryingBag"":""Daily/Office/Work Bag"",""Accessories"":{""Nothing"":true},""Footwear"":""CantSee"",""Demeanour"":""Classy-Groomed"",""ClothingStyle"":""Classy-Fashionable"",""ImageQuality"":""Average"",""Emotion"":undefined,""ClothingStyle2"":""Daily"",""BodyPose"":""Side""}"
images/Set2/9450_1 (2).jpg,-1,"{}",1,0,"{""name"":""rect"",""x"":234,""y"":80,""width"":207,""height"":269}","{""Age"":""15-25"",""Weight"":""normal-healthy"",""Gender"":""male"",""Economy-Class"":""middle class"",""Education"":""Educated"",""CarryingBag"":""Shopping "",""Accessories"":{""Nothing"":true},""Footwear"":""CantSee"",""Demeanour"":""Average"",""ClothingStyle"":""Average"",""ImageQuality"":""Good"",""Emotion"":""Neutral"",""ClothingStyle2"":""Sports"",""BodyPose"":""Front-Frontish""}"
images/Set3/51900_0.jpg,-1,"{}",1,0,"{""name"":""rect"",""x"":105,""y"":53,""width"":136,""height"":182}","{""Age"":""35-45"",""Weight"":""normal-healthy"",""Gender"":""male"",""Economy-Class"":""upper class"",""Education"":""Educated"",""CarryingBag"":""None"",""Accessories"":{""Watch"":true},""Footwear"":""Normal"",""Demeanour"":""Average"",""ClothingStyle"":""Average"",""ImageQuality"":""Average"",""Emotion"":""Happy"",""ClothingStyle2"":""Sports"",""BodyPose"":""Front-Frontish""}"
images/Set3/37920_3.jpg,-1,"{}",1,0,"{""name"":""rect"",""x"":22,""y"":34,""width"":52,""height"":39}","{""Age"":""25-35"",""Weight"":""normal-healthy"",""Gender"":""female"",""Economy-Class"":""upper class"",""Education"":""Educated"",""CarryingBag"":""Shopping "",""Accessories"":{""OtherJewellery"":true},""Footwear"":""Normal"",""Demeanour"":""Average"",""ClothingStyle"":""Classy-Fashionable"",""ImageQuality"":""Average"",""Emotion"":""Neutral"",""ClothingStyle2"":""Daily"",""BodyPose"":""Side""}"
images/Set3/51510_1.jpg,-1,"{}",1,0,"{""name"":""rect"",""x"":47,""y"":8,""width"":39,""height"":47}","{""Age"":""25-35"",""Weight"":""normal-healthy"",""Gender"":""female"",""Economy-Class"":""middle class"",""Education"":""Uneducation"",""CarryingBag"":""None"",""Accessories"":{""Nothing"":true},""Footwear"":""Normal"",""Demeanour"":""Average"",""ClothingStyle"":""Average"",""ImageQuality"":""Average"",""Emotion"":""Angry/Serious"",""ClothingStyle2"":""Daily"",""BodyPose"":""Front-Frontish""}"
images/Set3/11730_1.jpg,-1,"{}",1,0,"{""name"":""rect"",""x"":43,""y"":20,""width"":43,""height"":37}","{""Age"":""35-45"",""Weight"":""slightly-overweight"",""Gender"":""male"",""Economy-Class"":""middle class"",""Education"":""Educated"",""CarryingBag"":""Daily/Office/Work Bag"",""Accessories"":{""Watch"":true},""Footwear"":""Normal"",""Demeanour"":""Average"",""ClothingStyle"":""Average"",""ImageQuality"":""Average"",""Emotion"":""Neutral"",""ClothingStyle2"":""Formal/Business"",""BodyPose"":""Front-Frontish""}"
images/Set3/14850_1.jpg,-1,"{}",1,0,"{""name"":""rect"",""x"":331,""y"":16,""width"":185,""height"":197}","{""Age"":""45-55"",""Weight"":""normal-healthy"",""Gender"":""male"",""Economy-Class"":""upper class"",""Education"":""Educated"",""CarryingBag"":""None"",""Accessories"":{""Nothing"":true},""Footwear"":""CantSee"",""Demeanour"":""Average"",""ClothingStyle"":""Classy-Fashionable"",""ImageQuality"":""Average"",""Emotion"":""Angry/Serious"",""ClothingStyle2"":""Daily"",""BodyPose"":""Front-Frontish""}"
images/Set3/7500_3.jpg,-1,"{}",1,0,"{""name"":""rect"",""x"":86,""y"":0,""width"":87,""height"":90}","{""Age"":""35-45"",""Weight"":""normal-healthy"",""Gender"":""male"",""Economy-Class"":""middle class"",""Education"":""Educated"",""CarryingBag"":""Daily/Office/Work Bag"",""Accessories"":{""Nothing"":true},""Footwear"":""Normal"",""Demeanour"":""Average"",""ClothingStyle"":""Average"",""ImageQuality"":""Good"",""Emotion"":""Happy"",""ClothingStyle2"":""Formal/Business"",""BodyPose"":""Front-Frontish""}"
images/Set4/14670_1.jpg,-1,"{}",1,0,"{""name"":""rect"",""x"":226,""y"":22,""width"":140,""height"":148}","{""Age"":""35-45"",""Weight"":""normal-healthy"",""Gender"":""male"",""Economy-Class"":""upper class"",""Education"":""Educated"",""CarryingBag"":""None"",""Accessories"":{""Nothing"":true},""Footwear"":""Normal"",""Demeanour"":""Classy-Groomed"",""ClothingStyle"":""Classy-Fashionable"",""ImageQuality"":""Good"",""Emotion"":""Sad"",""ClothingStyle2"":""Daily"",""BodyPose"":""Side""}"
images/Set4/96150_1.jpg,-1,"{}",1,0,"{""name"":""rect"",""x"":270,""y"":232,""width"":219,""height"":146}","{""Age"":""35-45"",""Weight"":""slightly-overweight"",""Gender"":""male"",""Economy-Class"":""upper class"",""Education"":""Educated"",""CarryingBag"":""None"",""Accessories"":{""Cap"":true},""Footwear"":""CantSee"",""Demeanour"":""Average"",""ClothingStyle"":""Average"",""ImageQuality"":""Good"",""Emotion"":""Happy"",""ClothingStyle2"":""Daily"",""BodyPose"":""Front-Frontish""}"
images/Set4/43050_0.jpg,-1,"{}",1,0,"{""name"":""rect"",""x"":72,""y"":17,""width"":64,""height"":47}","{""Age"":""25-35"",""Weight"":""underweight"",""Gender"":""male"",""Economy-Class"":""middle class"",""Education"":""Educated"",""CarryingBag"":""Daily/Office/Work Bag"",""Accessories"":{""Nothing"":true},""Footwear"":""Normal"",""Demeanour"":""Average"",""ClothingStyle"":""Average"",""ImageQuality"":""Average"",""Emotion"":""Neutral"",""ClothingStyle2"":""Daily"",""BodyPose"":""Front-Frontish""}"
images/Set4/36870_0.jpg,-1,"{}",1,0,"{""name"":""rect"",""x"":88,""y"":52,""width"":92,""height"":57}","{""Age"":""45-55"",""Weight"":""normal-healthy"",""Gender"":""male"",""Economy-Class"":""middle class"",""Education"":""Educated"",""CarryingBag"":""Daily/Office/Work Bag"",""Accessories"":{""Cap"":true},""Footwear"":""Normal"",""Demeanour"":""Average"",""ClothingStyle"":""Average"",""ImageQuality"":""Good"",""Emotion"":""Neutral"",""ClothingStyle2"":""Daily"",""BodyPose"":""Front-Frontish""}"
images/Set4/69660_2.jpg,-1,"{}",1,0,"{""name"":""rect"",""x"":53,""y"":27,""width"":88,""height"":71}","{""Age"":""45-55"",""Weight"":""normal-healthy"",""Gender"":""male"",""Economy-Class"":""middle class"",""Education"":""Educated"",""CarryingBag"":""Daily/Office/Work Bag"",""Accessories"":{""Watch"":true},""Footwear"":""Fancy"",""Demeanour"":""Average"",""ClothingStyle"":""Average"",""ImageQuality"":""Average"",""Emotion"":""Sad"",""ClothingStyle2"":""Daily"",""BodyPose"":""Front-Frontish""}"
